"pathway","pval","padj","log2err","ES","NES","size","leadingEdge"
"HALLMARK_ADIPOGENESIS",0.0195181444521687,0.0271085339613454,0.352487857583619,0.364205532256803,1.35632385962401,173,"HSPB8;GPX3;APLP2;SUCLG1;STOM;IFNGR1;NABP1;PFKFB3;FZD4;CD151;MGST3;BCL6;AGPAT3;SULT1A1;ALDH2;MYLK;ITGA7;PHLDB1;SPARCL1;ACADS;DNAJC15;ATP1B3;ADCY6;ELOVL6;PPM1B;DECR1;ITSN1;APOE;SLC5A6;C3;ESYT1;UQCRC1;GPD2;SORBS1;COL4A1;PGM1;RTN3;ACAA2;SSPN;TANK;CPT2;CDKN2C;COQ5;PDCD4;TALDO1;MGLL;SCARB1"
"HALLMARK_ALLOGRAFT_REJECTION",0.0574866310160428,0.0737008089949266,0.216542836735348,0.3637742843981,1.30123199579031,128,"CDKN2A;CSF1;RIPK2;CD74;FLNA;B2M;HCLS1;IFNGR1;IL4R;THY1;GALNT1;TNF;IL27RA;CAPG;CTSS;CCND2;GCNT1;LTB;IL18;HDAC9;STAB1;IL12A;EIF4G3;TAPBP;HLA-DRA;CCL2;HLA-DMB;IL15;HIF1A;PTPN6;HLA-DMA;LYN;TAP2;GBP2;MAP4K1;CD47;IL2RB;IRF7;ITGB2"
"HALLMARK_ANDROGEN_RESPONSE",0.0028234438379918,0.00470573972998633,0.431707695803346,0.480417050636028,1.63509589331743,86,"HMGCS1;ABCC4;UBE2J1;AKAP12;GPD1L;B2M;ACTN1;ABHD2;STK39;CDK6;PTPN21;B4GALT1;ZMIZ1;KRT19;SEC24D;DHCR24;ARID5B;SLC26A2;TSC22D1;ACSL3;PDLIM5;NKX3-1;APPBP2;SMS;CCND1"
"HALLMARK_ANGIOGENESIS",0.00414484816362481,0.0066852389735884,0.407017918923954,0.614089872223731,1.71035241544089,26,"FSTL1;COL3A1;S100A4;SLCO2A1;VEGFA;LRPAP1;APP;FGFR1;CCND2;VAV2;TNFRSF21;NRP1;POSTN;PDGFA;OLR1;COL5A2;VTN"
"HALLMARK_APICAL_JUNCTION",9.48883741199038e-12,6.77774100856456e-11,0.875325132024659,0.579494188461855,2.16109636884176,175,"COL17A1;LIMA1;FBN1;CDH1;JUP;ITGA3;ACTN4;LAMB3;LAMA3;BMP1;COL16A1;MYH9;PARVA;ACTN1;CD276;THY1;CERCAM;SHROOM2;NEXN;CD99;EPB41L2;THBS3;ADAM15;MYL9;B4GALT1;IRS1;CTNNA1;VWF;SGCE;ACTB;CX3CL1;MYH10;SLC30A3;YWHAH;ADRA1B;TRAF1;KCNH2;PIK3R3;MMP2;VAV2;CDSN;MPZL1;CNN2;ACTG1;CLDN4;SDC3;SPEG;MSN;CLDN6;TGFBI;CTNND1;AKT3;FSCN1;TRO;TSC1;ADAM23;ADAMTS5;FLNC;INPPL1;TMEM8B;COL9A1;GNAI2;CLDN9;SKAP2;NFASC;ACTN2;NF1;PTEN;CD274;LAMC2;PIK3CB;ACTC1"
"HALLMARK_APICAL_SURFACE",0.000826515810643581,0.00179677350139909,0.477270815362862,0.608435833621806,1.81925927881948,40,"SULF2;MDGA1;DCBLD2;THY1;SHROOM2;APP;FLOT2;B4GALT1;EFNA5;CX3CL1;SCUBE1;ADAM10;ATP8B1;SRPX;TMEM8B;ATP6V0A4;GATA3;LYN"
"HALLMARK_APOPTOSIS",8.28568539075752e-05,0.000230157927521042,0.538434096309916,0.478057914690435,1.73777894388599,140,"ANXA1;JUN;GPX3;NEDD9;IGFBP6;PEA15;TIMP2;BCL2L11;CASP3;CLU;SPTAN1;BTG3;DAP;IFNGR1;PDGFRB;ERBB2;PLAT;APP;BMF;SMAD7;TNF;CDK2;SC5D;HMGB2;PPP2R5B;MMP2;GSN;CCND2;PSEN1;CASP7;IGF2R;ADD1;XIAP;PSEN2;IRF1;BCL2L1;IL18;BNIP3L;TNFRSF12A;CDKN1A;CCND1;CYLD;IL1A;CD44;BAX;AIFM3"
"HALLMARK_BILE_ACID_METABOLISM",0.335607094133697,0.36479031971054,0.0799858801499946,0.318840625027458,1.07569788442283,82,"HSD17B11;BCAR3;ABCA3;ACSL5;ABCA4;OPTN;HSD17B6;IDH2;PRDX5;DHCR24;SLC27A2;APOA1;ACSL1;SLC35B2;NPC1"
"HALLMARK_CHOLESTEROL_HOMEOSTASIS",0.0613668061366806,0.0767085076708508,0.213927855492356,0.406472018390296,1.33748666958879,68,"LGMN;HMGCS1;SEMA3B;GLDC;CLU;TM7SF2;ALCAM;GPX8;SC5D;SREBF2;ACTG1;TNFRSF12A;STARD4;NFIL3;LSS;PDK3;CHKA;MVK;PLSCR1;CXCL16;FDFT1;CTNNB1"
"HALLMARK_COAGULATION",1.42593654344274e-07,7.12968271721369e-07,0.690132458796796,0.589418872609338,2.07013560749346,102,"SPARC;ANXA1;PRSS23;FBN1;LGMN;SERPING1;PROS1;BMP1;FURIN;CLU;MMP15;PLAT;HTRA1;A2M;CTSB;LRP1;ITGB3;VWF;MMP14;CTSV;C1S;FN1;S100A1;THBS1;MMP2;GSN;S100A13;CSRP1;MMP7;C1R;LEFTY2;MSRB2;F3;C3;APOA1;FYN;CTSE;KLF7;CTSH;CAPN5;OLR1;HPN;RAPGEF3;USP11;CAPN2;WDR1;CD9"
"HALLMARK_COMPLEMENT",2.06395894784125e-06,8.59982894933853e-06,0.627256739718528,0.502549806243886,1.842572429133,153,"LGMN;SERPING1;DUSP5;ERAP2;TIMP2;CASP3;CLU;CBLB;CD46;PRCP;GNGT2;MMP15;PLAT;CTSB;CTSD;CDH13;LRP1;CALM1;MMP14;CTSV;C1S;CD59;FN1;CTSS;CALM3;S100A13;PSEN1;CSRP1;CASP7;CPM;LIPA;CTSL;C1R;F5;EHD1;IRF1;PIK3CA;DOCK9;DYRK2;F3;IRF2;COL4A2;C3;APOBEC3G;GPD2;FYN;DOCK4;PIK3CG;CTSH;GATA3;LYN;CASP4;OLR1;PLSCR1;TNFAIP3;GNAI2;ACTN2;PDP1;IRF7;SRC;HSPA5;APOBEC3F;PRKCD;SPOCK2"
"HALLMARK_DNA_REPAIR",9.80474047189002e-06,3.50169302567501e-05,0.593325476396405,-0.439134056154237,-1.80937386365426,145,"ALYREF;PNP;ERCC1;GTF2F1;RFC3;PCNA;POLR2A;NME1;RNMT;CLP1;UMPS;POLR1C;POLR2D;CSTF3;GTF2H3;SF3A3;NCBP2;RPA3;BOLA2;POLD3;SNAPC4;HPRT1;RAE1;POLR2H;NUDT21;GTF3C5;RFC2;NELFE;FEN1;POLL;POLR2C;NFX1;NT5C;RPA2;ELL;POLR2G;POLD1;SMAD5;NT5C3A;RFC5;POLR2F;ERCC3;ZWINT;TAF9;CCNO;POLR1D;RFC4;PRIM1;RAD52;DUT;SSRP1;TMED2"
"HALLMARK_E2F_TARGETS",2.8052169016051e-19,3.50652112700638e-18,1.13308993200902,-0.589637745544809,-2.57326980889928,195,"MYC;NOLC1;PA2G4;RFC3;DCTPP1;LYAR;PCNA;POP7;MAD2L1;NUP153;IPO7;NME1;MCM7;SRSF1;CCNE1;MCM5;TFRC;HMGA1;TMPO;CDK1;DDX39A;PHF5A;CTPS1;BRCA1;DSCC1;MCM2;TBRG4;NOP56;EIF2S1;SYNCRIP;CDC20;USP1;CDC25A;RRM2;CHEK2;RPA3;TRIP13;TIPIN;RNASEH2A;PAICS;POLD3;CSE1L;UNG;TRA2B;MCM4;ORC2;UBE2S;MCM3;BRCA2;MSH2;CDK4;RAN;RANBP1;NUDT21;CKS1B;KIF2C;GSPT1;ANP32E;RFC2;DCK;AK2;PSMC3IP;WEE1;CCP110;GINS4;PRKDC;MMS22L;SLBP;PRIM2;EED;RPA2;CKS2;SNRPB;TUBG1;GINS3;LMNB1;CTCF;RPA1;POLD1;XPO1;RAD21;BRMS1L;RACGAP1;DNMT1;CHEK1;MXD3;POLE;NUP205;GINS1;SMC3;EXOSC8;UBE2T;ILF3;EZH2;RAD51AP1;TIMELESS;RAD1;PPP1R8;DUT;SSRP1;SMC1A;WDR90;KIF22;SRSF2;NUP107;HMMR;BUB1B;DEK;CENPM;ATAD2;ESPL1;MTHFD2;HELLS;NASP;SPC24;ZW10;DCLRE1B;ASF1A;AURKB;CDKN1B;MLH1;ASF1B"
"HALLMARK_EPITHELIAL_MESENCHYMAL_TRANSITION",3.36434720907822e-20,5.6072453484637e-19,1.16017957183021,0.683727933610585,2.51973682036313,161,"FSTL1;TPM1;SPARC;IL32;JUN;MATN2;FBN1;COL11A1;MEST;COL3A1;DST;FBN2;LAMA3;PTX3;BMP1;FOXC2;CALD1;COL5A1;COL16A1;TGM2;SDC4;LAMC1;COL1A1;CRLF1;ITGB5;FLNA;EFEMP2;IGFBP4;QSOX1;FBLN1;THY1;PDGFRB;COL6A2;VEGFA;ITGA5;LOXL1;COL7A1;HTRA1;MYL9;TAGLN;LRP1;ITGB3;CALU;FBLN5;MYLK;NOTCH2;P3H1;SERPINE2;VIM;MMP14;CD59;CAPG;FN1;SNTB1;TPM4;THBS1;LRRC15;PVR;MMP2;SDC1;PCOLCE2;SFRP1;IGFBP2;TPM2;TNFRSF12A;COL4A2;TGFBI;SERPINH1;GEM;MFAP5;POSTN;PCOLCE;CADM1;COL4A1;CD44;PMP22;COPA;IL15"
"HALLMARK_ESTROGEN_RESPONSE_EARLY",4.49038126271586e-14,3.74198438559655e-13,0.965327754226083,0.609345770559118,2.27242129143642,175,"PRSS23;SH3BP5;PDLIM3;FARP1;TPD52L1;PODXL;RHOBTB3;TIPARP;HSPB8;CA12;DHRS3;RAB31;SEMA3B;ABAT;SLC1A1;THSD4;ELF3;TMEM164;SVIL;ELOVL2;PTGES;GAB2;TGM2;KAZN;ENDOD1;CLIC3;PAPSS2;HES1;IGFBP4;ABCA3;ABHD2;AQP3;SLC37A1;SYBU;IGF1R;WFS1;OLFML3;ADD3;B4GALT1;INPP5F;FLNB;AFF1;OVOL2;SLC16A1;MYBL1;KRT19;REEP1;GREB1;SYNGR1;PDZK1;ANXA9;OPN3;KRT15;RPS6KA2;SLC27A2"
"HALLMARK_ESTROGEN_RESPONSE_LATE",1.04132608071125e-08,5.78514489284031e-08,0.747739663149885,0.550642198144362,2.03927275625058,164,"PRSS23;PDLIM3;CPE;FARP1;TPD52L1;CDH1;TNNC1;HSPB8;CA12;RAB31;MEST;SEMA3B;ATP2B4;PTGES;CLIC3;PAPSS2;BTG3;IGFBP4;ABCA3;ABHD2;PERP;ST6GALNAC2;WFS1;PLXNB1;ADD3;JAK1;FLNB;AFF1;OVOL2;SLC16A1;DNAJC1;KRT19;LLGL2;GPER1;IDH2;PDZK1;ANXA9;OPN3;RPS6KA2;SLC27A2;NBL1;SLC26A2;DHRS2;RABEP1;CCND1;GALE;COX6C;CD44;LSR;EMP2;PTPN6;TRIM29;FGFR3;KIF20A;SLC2A8;ARL3;UNC13B;FDFT1;AMFR;HOMER2;CACNA2D2;SIAH2;TJP3;PDCD4;SCARB1;CD9;LAMC2;TH"
"HALLMARK_FATTY_ACID_METABOLISM",0.117493472584856,0.139873181648639,0.14551614609036,0.336742690828121,1.21462788600584,133,"HMGCS1;GABARAPL1;HSD17B11;SUCLG1;TP53INP2;ACSL5;INMT;CEL;PSME1;PPARA;YWHAH;ACADS;DHCR24;S100A10;EPHX1;MAOA;ECI2;DECR1;ERP29;SMS;PCBD1;GPD2;GSTZ1;UBE2L6;ACSL1;ACAA2;BLVRA;ALAD;CPT2;PTS;PRDX6;MGLL;ENO3;ACAA1;ACOT8;BCKDHB;ENO2;ACSL4;DLST;SDHC"
"HALLMARK_G2M_CHECKPOINT",5.72741639321941e-11,3.57963524576213e-10,0.851339057116899,-0.503887477956229,-2.17691036129463,187,"MYC;NOLC1;MAD2L1;DKC1;SRSF1;MCM5;HMGA1;TMPO;CDK1;CCNT1;DDX39A;UCK2;MCM2;SYNCRIP;CDC20;CDC7;CDC6;CDC25A;SNRPD1;PRMT5;NUP50;TRA2B;CUL4A;ODC1;G3BP1;ORC5;E2F2;DBF4;TFDP1;UBE2S;MCM3;WRN;BRCA2;TNPO2;CDK4;BUB3;ATF5;CKS1B;KIF2C;CCNA2;GSPT1;NCL;TOP1;CHAF1A;E2F4;SMARCC1;LIG3;CHMP1A;NUP98;PRIM2;EXO1;SFPQ;RBM14;RAD54L;STIL;RPA2;TRAIP;CDC45;CKS2;HNRNPU;GINS2;CUL5;CASP8AP2;E2F1;NEK2;YTHDC1;LMNB1;FBXO5;DTYMK;CTCF;MTF2;SLC7A5;XPO1;RAD21;RACGAP1;UBE2C;CHEK1;POLE;INCENP;KIF15;ODF2;HSPA8;ILF3;EZH2;SMC1A;PBK;KIF22;SRSF2;DR1;SS18;HMMR"
"HALLMARK_GLYCOLYSIS",0.00208536066688755,0.00359544942566818,0.431707695803346,0.406260951145035,1.51956056690071,180,"EXT1;ELF3;AGRN;COL5A1;PKP2;GPC3;IL13RA1;P4HA2;VLDLR;QSOX1;VEGFA;RRAGD;CHPF;UGP2;CHPF2;B4GALT1;CHST2;GPR87;FUT8;PAM;SDC2;TPST1;SDC1;GLCE;KDELR3;EXT2;P4HA1;AK4;SDC3;ADORA2B;RBCK1;SAP30;PGM2;G6PD;SLC25A13;XYLT2;PFKP;TGFBI;GALE;CD44;PDK3;PC;KIF20A;CAPN5;B4GALT4;PLOD1;CLDN9;GLRX;SLC37A4;TALDO1;PYGB;IDUA;HSPA5;COPB2;GCLC;CHST1;ENO2;ANGPTL4;TGFA;SDHC;ANG"
"HALLMARK_HEDGEHOG_SIGNALING",0.000776097080835427,0.0017638570018987,0.477270815362862,0.654659860123915,1.87059721016992,30,"L1CAM;MYH9;VLDLR;THY1;VEGFA;DPYSL2;CDK6;PTCH1;ADGRG1;RTN1;TLE1;NRP1;AMOT;NF1;OPHN1;SLIT1;CRMP1;TLE3;ACHE;HEY1;NRP2"
"HALLMARK_HEME_METABOLISM",0.00114009373628656,0.00228018747257312,0.45505986738723,0.425574357278949,1.58047728924935,169,"NUDT4;ENDOD1;P4HA2;AQP3;ATG4A;RNF19A;MGST3;IGSF3;MKRN1;DAAM1;OPTN;ABCG2;CTSB;FOXO3;MYL4;AGPAT4;LPIN2;ANK1;ACP5;GDE1;BCAM;MPP1;YPEL5;TNS1;PPP2R5B;CAST;SEC14L1;NFE2L1;MAP2K3;ADD1;KAT2B;PICALM;BNIP3L;C3;FBXO34;HAGH;TSPAN5;PC;SLC10A3;BLVRA;CTSE;NCOA4;ALAD;PDZK1IP1;GYPC;CDR2;RBM5;EPB41;UCP2;ARHGEF12;BSG;GCLC;CIR1;ALDH6A1;SLC22A4;MINPP1;SLC2A1;OSBP2;LAMP2;TFDP2;ALDH1L1;BMP2K;ERMAP;DCAF11;BPGM;FBXO7;PRDX2;BTG2;BTRC"
"HALLMARK_HYPOXIA",3.51810514976095e-06,1.35311736529267e-05,0.627256739718528,0.490629945989903,1.82713617189903,173,"EXT1;JUN;PPP1R3C;CSRP2;TIPARP;CA12;PLAC8;COL5A1;AKAP12;ANXA2;TGM2;MYH9;S100A4;SDC4;GPC3;EFNA1;P4HA2;VLDLR;PFKFB3;VEGFA;RRAGD;UGP2;FOXO3;CHST2;NEDD4L;STBD1;SLC6A6;HK1;PAM;SLC2A3;SDC2;PRDX5;KDELR3;P4HA1;AK4;SDC3;ADORA2B;SAP30;PGM2;AMPD3;BNIP3L;PFKP;NDST2;PRKCA;F3;IDS;MAP3K1;CDKN1C;CDKN1A;TGFBI;NFIL3;SRPX;PDK3;PGM1;TMEM45A;PDK1;KLF7;PGF;CHST3;TNFAIP3;GLRX;SLC37A4;SIAH2;NAGK;SCARB1;RORA;BGN;ENO3;BCAN;CCNG2;HSPA5;BTG1;ENO2;ANGPTL4"
"HALLMARK_IL2_STAT5_SIGNALING",0.000610812029814444,0.00145431435670106,0.477270815362862,0.436402176035022,1.6039515817491,159,"ADAM19;GABARAPL1;DHRS3;SLC39A8;MYO1E;CSF1;ITGA6;TGM2;CASP3;LRRC8C;FURIN;COL6A1;IFNGR1;IL4R;AHNAK;RRAGD;IGF1R;TNFRSF9;ALCAM;GLIPR2;MAP6;PTCH1;SLC2A3;HIPK2;CAPG;MAP3K8;SYT11;ITGAE;S100A1;TRAF1;CCND2;GALM;IGF2R;NCOA3;P4HA1;TNFRSF21;CKAP4;AGER;LTB;P2RX4;DENND5A;BCL2L1;MAPKAPK2;CDKN1C;NRP1;NFIL3;PTGER2;LRIG1;BMPR2;SMPDL3A;CD44;SYNGR2;MYO1C;NCS1;ST3GAL4;SNX9;CD81;PRNP"
"HALLMARK_IL6_JAK_STAT3_SIGNALING",0.0379706127819213,0.0499613326077911,0.321775918075361,0.448172035007053,1.42286376757344,59,"JUN;CSF1;IL13RA1;IFNGR1;IL4R;A2M;ITGB3;TNF;PDGFC;MAP3K8;TNFRSF21;LTB;IRF1;IL15RA;TNFRSF12A;LEPR;IL17RA;CD44"
"HALLMARK_INFLAMMATORY_RESPONSE",0.000295828011895821,0.000778494768146897,0.49849310876659,0.461868380880423,1.65171173234297,127,"SPHK1;CSF1;AXL;RIPK2;GPC3;DCBLD2;IL4R;ITGA5;TNFRSF9;CHST2;ITGB3;IRAK2;MMP14;CX3CL1;PVR;PSEN1;ADORA2B;FZD5;SEMA4D;LY6E;P2RX4;IRF1;BDKRB1;IL18;IL15RA;STAB1;F3;CDKN1A;BST2;PTGER2;GABBR1;IL1A;TAPBP;HBEGF;CCL2;IL15;HIF1A;SLC31A2;CD70;PTAFR;LYN;PTGER4;NFKBIA;SGMS2;OLR1;ATP2B1;HPN;HRH1;NFKB1;GCH1;TNFSF15;TNFSF9;IL2RB;IRF7"
"HALLMARK_INTERFERON_ALPHA_RESPONSE",6.28147880808286e-05,0.00018474937670832,0.538434096309916,0.547277648809848,1.82734038859029,78,"NCOA7;PARP14;PARP9;CSF1;RIPK2;CD74;TDRD7;B2M;LGALS3BP;IL4R;HLA-C;IFI27;UBA7;PSME1;C1S;MOV10;SP110;PARP12;HERC6;LY6E;IFIT3;IRF1;IRF2;BST2;TRIM21;UBE2L6;GMPR;IL15;HELZ2;PLSCR1;DHX58;GBP2;CD47;IRF7;TRIM25"
"HALLMARK_INTERFERON_GAMMA_RESPONSE",3.22114858362577e-05,0.000100660893238305,0.557332238758646,0.485811916251633,1.76654296200622,141,"SERPING1;PARP14;RIPK2;CD74;CASP3;TDRD7;B2M;LGALS3BP;IL4R;VAMP8;IFI27;OAS3;PSME1;ST3GAL5;HLA-B;C1S;MVP;CASP7;NLRC5;NCOA3;SP110;SPPL2A;ARID5B;PARP12;HERC6;C1R;APOL6;LY6E;RBCK1;IFIT3;IRF1;IL15RA;PFKP;IRF2;CDKN1A;PELI1;BST2;TRIM21;RNF213;TAPBP;UBE2L6;CCL2;IL15;HIF1A;PTPN6;HELZ2;HLA-DMA;SSPN;CASP4;UPP1;NFKBIA;STAT3;PLSCR1;DHX58;SAMHD1;TNFAIP3;VAMP5;NFKB1;CD274;GCH1;IL2RB;IRF7;TRIM25"
"HALLMARK_KRAS_SIGNALING_DN",0.0165229021710915,0.0236041459587021,0.352487857583619,0.394491910451664,1.40651953577779,122,"COL2A1;PTPRJ;SYNPO;TGM1;CLSTN3;C5;CHST2;GPRC5C;MFSD6;SLC30A3;PDE6B;TENM2;KRT15;PDK2;IGFBP2;TCF7L1;ITIH3;SPHK2;HTR1D;SLC38A3;EGF;SLC25A23;CAMK1D;FGFR3;SNN;ARHGDIG;SLC29A3;DLK2;ACTC1;NR6A1;SPRR3;TLX1;IDUA;GDNF;SHOX2;KCND1"
"HALLMARK_KRAS_SIGNALING_UP",0.0940721649484536,0.114722152376163,0.163180127180689,0.345394354232826,1.25494308291584,136,"GPNMB;CPE;SEMA3B;JUP;AKAP12;TNNT2;DCBLD2;PLEK2;NIN;PLAT;EPHB2;KIF5C;CTSS;TRAF1;SPARCL1;GPRC5B;CCND2;MTMR10;ENG;ACE;HDAC9;TRIB1;RELN;MAP3K1;GNG11;NRP1;LY96;HBEGF"
"HALLMARK_MITOTIC_SPINDLE",2.28514339721218e-05,7.61714465737392e-05,0.575610261071129,0.457440776677738,1.73114724023184,194,"FARP1;NEDD9;SYNPO;DST;ACTN4;MYO1E;SPTBN1;ARHGEF3;MYH9;BCL2L11;FGD6;SPTAN1;FLNA;SUN2;SHROOM2;PREX1;ARHGAP29;NIN;EPB41L2;RASAL2;AKAP13;ARHGAP10;FLNB;NOTCH2;NCK2;MYH10;EZR;BUB1;GSN;FGD4;PALLD;MID1;ABR;PDLIM5;ITSN1;KLC1;NUMA1;NET1;FSCN1;TSC1;CAPZB;SSH2;DOCK4;KIFAP3;BCR;CDC42;DLGAP5;SORBS2;TRIO;PCGF5;ABL1;CYTH2;NF1;OPHN1"
"HALLMARK_MTORC1_SIGNALING",0.00154536607743213,0.00286178903228172,0.45505986738723,-0.345184375793475,-1.49254522813627,186,"PNP;FDXR;NAMPT;SORD;HMGCR;RRP9;POLR3G;HSPA9;TOMM40;UCHL5;IDH1;TFRC;ABCF2;EEF1E1;DDX39A;NUPR1;NUFIP1;PSMC4;NFKBIB;PSME3;MCM2;PNO1;TXNRD1;CDC25A;BHLHE40;RRM2;CACYBP;GLA;LDHA;GPI;CCT6A;UNG;STIP1;HPRT1;MCM4;DDIT4;PSMD14;TMEM97;HSPA4;TCEA1;GSR;ETF1;ALDOA;HSPD1;ATP2A2;TPI1;GMPS;SLC1A5;TBK1;EBP;HSPE1;TUBG1;ARPC5L;RPA1;IDI1;SLC7A5;PPIA"
"HALLMARK_MYC_TARGETS_V1",3.93192645864448e-31,1.96596322932224e-29,1.45334466856494,-0.68442778808315,-2.98346468869339,193,"MYC;PRPS2;DDX21;NOLC1;SRM;RRP9;PA2G4;NOP16;ABCE1;C1QBP;PCNA;PWP1;PABPC1;MAD2L1;NPM1;NME1;MCM7;SF3A1;SRSF1;GNL3;TCP1;MCM5;NHP2;EIF1AX;XPOT;PSMC4;TRIM28;CTPS1;SET;CNBP;EIF4H;PTGES3;MCM2;PABPC4;DDX18;EIF4A1;NOP56;EIF2S1;SYNCRIP;CDC20;USP1;PHB2;SNRPD1;EIF3J;CCT2;CCT7;NCBP2;SRPK1;SNRPA;VDAC1;TUFM;LDHA;EIF3D;EIF3B;TRA2B;ODC1;RSL1D1;POLE3;HPRT1;G3BP1;RUVBL2;EIF4E;MCM4;ORC2;CLNS1A;PRDX3;TFDP1;NDUFAB1;CDK4;RAN;RANBP1;BUB3;PSMD14;PSMB2;CYC1;CCNA2;GSPT1;ETF1;MRPS18B;UBA2;SSBP1;SMARCC1;RNPS1;SNRPB2;ILF2;CCT4;DHX15;HSPD1;SSB;CDC45;HNRNPU;PRPF31;RRM1;EEF1B2;HSPE1;FBL;EXOSC7;VDAC3;CAD;HSP90AB1;SRSF3;TXNL4A;PPIA;XPO1;STARD7;PSMA1;GLO1;HNRNPC;CCT5;PSMD3;EIF2S2;RFC4;CBX3;LSM7;DUT;PSMB3;U2AF1;SRSF2;MRPL9;SNRPD2;CCT3;PSMC6;KPNB1;PSMD7;DEK"
"HALLMARK_MYC_TARGETS_V2",5.06458526812803e-22,1.26614631703201e-20,1.21254456769062,-0.846766622629511,-3.06161356071349,57,"MYC;SORD;NOLC1;SRM;MYBBP1A;RRP9;NIP7;IMP4;RRP12;PA2G4;NOP16;DCTPP1;TCOF1;NOP2;IPO4;PPAN;PES1;NPM1;RABEPK;GNL3;NDUFAF4;RCL1;MCM5;EXOSC5;WDR43;FARSA;PRMT3;UTP20;TFB2M;GRWD1;NOC4L;PPRC1;BYSL;DDX18;TBRG4;LAS1L;MRTO4;SLC19A1;NOP56;WDR74;UNG;MCM4;CDK4;TMEM97"
"HALLMARK_MYOGENESIS",8.31676144737126e-16,8.31676144737126e-15,1.02766987054358,0.636174585229299,2.35842324292601,167,"SPARC;FHL1;PPP1R3C;TPD52L1;SPHK1;TNNC1;HSPB8;GPX3;COL3A1;TNNI1;AGRN;SVIL;MYH9;CASQ1;COL1A1;CLU;TNNT2;SPTAN1;SGCA;ITGB5;MYL7;PLXNB2;COL6A2;EPHB3;HDAC5;APP;GJA5;CDH13;TAGLN;FLII;MYLK;MYL4;SLN;KIFC3;KLF5;ITGA7;REEP1;KCNH2;GSN;FKBP1B;MAPRE3;ATP6AP1;SCHIP1;MYOZ1;DES;SPEG;PSEN2;DMPK;FOXO4;PDLIM7;MRAS;ANKRD2;TPM2;CAMK2B;COL4A2;IGFBP7;CDKN1A;MEF2A;DAPK2;PTGIS;ABLIM1;SORBS1;HBEGF;NOTCH1;SYNGR2;ACSL1;MYO1C;PC;MYBPH;MB;SSPN;LDB3;PRNP;TNNC2;MAPK12;MYL3;BDKRB2;ACTN2;RIT1;CNN3;NAV2;ACTC1;HSPB2;ENO3"
"HALLMARK_NOTCH_SIGNALING",0.00489309522610195,0.0076454612907843,0.407017918923954,0.601120717260336,1.71761674294448,30,"ARRB1;HES1;DTX4;NOTCH2;FZD7;TCF7L2;FZD5;PSEN2;SAP30;PRKCA;CCND1;PPARD;NOTCH1"
"HALLMARK_OXIDATIVE_PHOSPHORYLATION",0.00189716137249314,0.00338778816516633,0.45505986738723,-0.342526006017908,-1.48047856826922,181,"MRPS12;HSPA9;GRPEL1;LRPPRC;CYCS;SLC25A5;MRPS30;IDH1;TIMM50;ATP6V1E1;SDHD;MTRR;ATP6V1G1;PHB2;TIMM10;MFN2;MDH2;VDAC1;LDHA;DLAT;GPI;GLUD1;SDHB;TOMM22;PRDX3;NDUFAB1;ATP6V1C1;ECH1;CYC1;COX11;UQCRFS1;MRPL15;NDUFS3;NDUFA8;UQCRH;ACO2;PMPCA;SLC25A11;LDHB;OPA1;TIMM13;VDAC3;POLR2F;IDH3B;IDH3A;COX7A2;COX5B;AFG3L2;PDHA1;BCKDHA;PDHX;TIMM17A;MRPL11;MRPL34;NDUFS2;SDHA;FXN;NDUFS1;NDUFB8;UQCRC2;HSD17B10;MRPL35;VDAC2;MRPS22;SUPV3L1;ISCU;NDUFA5;ALAS1;TIMM8B;COX5A;TIMM9;MRPS15;NDUFC1;COX15;CPT1A;NDUFC2"
"HALLMARK_P53_PATHWAY",0.0132963403659674,0.0195534417146579,0.380730400722792,0.368838717050875,1.38180297976439,182,"JUN;TPD52L1;SPHK1;ABAT;TNNI1;CDKN2B;KRT17;CDKN2A;S100A4;STOM;PLK2;KIF13B;PERP;PLXNB2;VDR;VAMP8;DGKA;APP;BLCAP;CTSD;FOXO3;CDH13;MXD4;GM2A;NINJ1;SDC1;CCND2;S100A10;TSC22D1;EPHX1;RAP2B;PRMT2;CDKN1A;DRAM1;RPS27L;IL1A;HBEGF;NOTCH1;RHBDF2;ABHD4;BAX;ZMAT3;ERCC5;PDGFA;CD81;UPP1;SLC3A2"
"HALLMARK_PANCREAS_BETA_CELLS",0.152027027027027,0.176775612822124,0.14551614609036,0.516479785948404,1.3069816519699,18,"PAX6;VDR;FOXO1;AKT3;SRP14;SEC11A;ABCC8"
"HALLMARK_PEROXISOME",0.663934426229508,0.691598360655738,0.0469758727821845,0.261493159830323,0.893007979888505,90,"DHRS3;HSD17B11;ACSL5;CEL;SLC25A4;MVP;IDH2;YWHAH;PRDX5;DHCR24;CLN8;SLC27A2;SEMA3C;ECI2;CADM1;ACSL1;SLC35B2;CRABP2;STS;ABCD3;ACAA1;ABCC8;CDK7;ACOT8;ACSL4"
"HALLMARK_PI3K_AKT_MTOR_SIGNALING",0.895104895104895,0.895104895104895,0.0778840111977068,-0.205862558944212,-0.806763042215419,87,"PPP2R1B;CAB39L;CDK1;MAP2K6;NFKBIB;PIKFYVE;EIF4E;ECSIT;CDK4;SFN;ATF1;AKT1S1;RPTOR;TBK1;E2F1;GRB2;PRKAR2A;CSNK2B;RPS6KA1"
"HALLMARK_PROTEIN_SECRETION",0.323886639676113,0.35987404408457,0.0813027345384498,0.317228168288747,1.08650726396418,92,"DST;SNX2;GNAS;AP2M1;PAM;SEC24D;IGF2R;AP2B1;ADAM10;SH3GL2;GOLGA4;GBF1;STX7;SEC31A;RAB22A;SSPN;COPB2;OCRL;CD63;LAMP2;COPE;ATP6V1H;TMED10;ATP1A1;SEC22B;YKT6;CLN5;ATP6V1B1;TSG101;MAPK1"
"HALLMARK_REACTIVE_OXYGEN_SPECIES_PATHWAY",0.754887218045113,0.77029307963787,0.0454967810085007,0.274819981337585,0.826159276217203,44,"GPX3;PDLIM1;TXNRD2;G6PD;PFKP;PRNP;MSRA;GLRX;PRDX6;CDKN2D;GCLC"
"HALLMARK_SPERMATOGENESIS",0.0229582703704694,0.0310246896898235,0.352487857583619,-0.36722007619171,-1.42750702541408,93,"NEFH;CCNA1;GSG1;CNIH2;GAD1;CDK1;COIL;ELOVL3;TNNI3;DBF4;RPL39L;KIF2C;SIRT1;MLF1;NEK2;ZC3H14;VDAC3;PARP2;PRKAR2A;EZH2;RFC4;NPHP1;HSPA4L;TSN;IFT88;NF2;GAPDHS;MTOR;PSMG1;TKTL1;LPIN1;CSNK2A2;NCAPH;OAZ3;CDKN3;MLLT10;DMC1;PIAS2;AURKA;AGFG1;PACRG;TTK;TLE4"
"HALLMARK_TGF_BETA_SIGNALING",0.00128003627801985,0.00246160822696126,0.45505986738723,0.555586062361734,1.72773610022254,53,"CDH1;RAB31;SPTBN1;FURIN;BCAR3;ID1;SMAD7;HIPK2;THBS1;TGFBR1;LEFTY2;XIAP;ENG;CDKN1C;FKBP1A;BMPR2;SMURF2;ACVR1"
"HALLMARK_TNFA_SIGNALING_VIA_NFKB",0.000913267793819391,0.00190264123712373,0.477270815362862,0.420348712277517,1.55831464536106,167,"JUN;SPHK1;TIPARP;DUSP5;LAMB3;CSF1;PTX3;RIPK2;SDC4;HES1;EFNA1;BTG3;PLK2;PFKFB3;VEGFA;BCL6;TNFRSF9;LITAF;B4GALT1;TNF;SLC2A3;RCAN1;MAP3K8;TNIP1;KLF9;TRAF1;NINJ1;SPSB1;MAP2K3;EHD1;ZC3H12A;TSC22D1;IRF1;DENND5A;IL18;IL15RA;SERPINB8;PDLIM5;TRIB1;F3;CDKN1A;CCND1;NFIL3;GEM;DRAM1;IL1A;HBEGF;CCL2;CD44;EGR1;SLC2A6;TANK;PTGER4;SNN;NFKBIA;OLR1;ATP2B1;TNFAIP3"
"HALLMARK_UNFOLDED_PROTEIN_RESPONSE",0.00054704237665292,0.0013676059416323,0.477270815362862,-0.416293203893827,-1.64549188784318,105,"NOLC1;RRP9;HSPA9;IMP3;EXOSC4;GEMIN4;DKC1;NPM1;NHP2;EXOSC2;EXOSC5;NFYA;XPOT;EIF4A3;EIF4A1;NOP56;EIF2S1;EXOSC10;KHSRP;SDAD1;EIF4EBP1;DDX10;EIF4E;PARN;DDIT4;CKS1B;LSM4;CXXC1;SPCS1;SHC1;NOP14;DCP2;SLC7A5;PREB;EXOSC9"
"HALLMARK_UV_RESPONSE_DN",1.90646247560742e-07,8.66573852548826e-07,0.690132458796796,0.552643029013393,1.97408109980665,126,"LTBP1;RBPMS;COL11A1;COL3A1;ATP2B4;CDON;ANXA2;MAP1B;LAMC1;COL1A1;APBB2;VLDLR;SIPA1L1;PDGFRB;ERBB2;IGF1R;ID1;PTPN21;ADD3;IRS1;ITGB3;ZMIZ1;SMAD7;DDAH1;FBLN5;NOTCH2;GRK5;SDC2;PIK3R3;PLCB4;SYNJ2;VAV2;GCNT1;SCHIP1;ADORA2B;SCN8A;PDLIM5;PRKCA;F3;NRP1;AKT3"
"HALLMARK_UV_RESPONSE_UP",0.231770833333333,0.263375946969697,0.0982123351217438,0.312113392060628,1.1349283491165,141,"PDLIM3;COL2A1;GPX3;CDKN2B;BCL2L11;CASP3;FURIN;BTG3;TYRO3;AQP3;SULT1A1;NPTXR;SLC25A4;MMP14;CDK2;CTSV;CLTB;KCNH2;MGAT1;IGFBP2;CYB5R1;SLC6A12;IRF1;EPHX1;MAOA"
"HALLMARK_WNT_BETA_CATENIN_SIGNALING",0.410575427682737,0.436782369875252,0.0762797180809272,0.356818651160202,1.05106361209734,38,"HDAC5;PTCH1;CCND2;AXIN2;NCSTN;NUMB;PSEN2;PPARD;NOTCH1;HDAC11;WNT5B;CTNNB1;TCF7;FRAT1;GNAI1;JAG1;HEY1;DKK1"
"HALLMARK_XENOBIOTIC_METABOLISM",0.0110856693910876,0.0167964687743751,0.380730400722792,0.380352843845064,1.39454369438387,153,"GABARAPL1;PROS1;JUP;PTGES;PAPSS2;ATOH8;SPINT2;PINK1;IGFBP4;FBLN1;ACP2;DHRS1;ALDH2;SLC6A6;LPIN2;SLC12A4;DDAH2;TPST1;NINJ1;SSR3;NDRG2;LCAT;SLC6A12;EPHX1;MAOA;PDLIM5;MCCC2;APOE;PPARD;PTGDS;AKR1C3;PC;UPB1;NPC1;UPP1;PTS;TMBIM6;VTN;GCH1;ACSM1;CYP26A1;PGD"
